# time, object, size, next_access_vtime
0,1,1,20
1,2,2,21
2,3,3,22
3,4,4,23
4,5,5,24
5,6,6,25
6,7,7,26
7,8,8,27
8,9,9,28
9,10,10,29
10,11,11,30
11,12,12,31
12,13,13,32
13,14,14,33
14,15,15,34
15,16,16,35
16,17,17,36
17,18,18,37
18,19,19,38
19,20,20,39
20,1,1,40
21,2,2,41
22,3,3,42
23,4,4,43
24,5,5,44
25,6,6,45
26,7,7,46
27,8,8,47
28,9,9,48
29,10,10,49
30,11,11,50
31,12,12,51
32,13,13,52
33,14,14,53
34,15,15,54
35,16,16,55
36,17,17,56
37,18,18,57
38,19,19,58
39,20,20,59
40,1,1,-1
41,2,2,-1
42,3,3,-1
43,4,4,-1
44,5,5,-1
45,6,6,-1
46,7,7,-1
47,8,8,-1
48,9,9,-1
49,10,10,-1
50,11,11,-1
51,12,12,-1
52,13,13,-1
53,14,14,-1
54,15,15,-1
55,16,16,-1
56,17,17,-1
57,18,18,-1
58,19,19,-1
59,20,20,-1
